{
  "summary": {
    "checkpoint": "/home/kitemanul/project/EdgeSAM/weights/edge_sam.pth",
    "ann_file": "/home/kitemanul/dataset/coco2017/annotations/instances_val2017.json",
    "img_dir": "/home/kitemanul/dataset/coco2017/val2017",
    "fp32_encoder_circle": "/home/kitemanul/project/EdgeSAM/weights/one_pipeline/encoder/edge_sam_encoder.opt.circle",
    "fp32_decoder_circle": "/home/kitemanul/project/EdgeSAM/weights/one_pipeline/decoder/edge_sam_decoder.opt.circle",
    "quant_encoder_circle": "/home/kitemanul/project/PTQ4SAM/results/e2e_1024fp32_vs_768i16u8_20260427/encoder_768_int16/edge_sam_encoder.quant.circle",
    "quant_decoder_circle": "/home/kitemanul/project/PTQ4SAM/results/e2e_1024fp32_vs_768i16u8_20260427/decoder_768_uint8/edge_sam_decoder.quant.circle",
    "fp32_size": 1024,
    "quant_size": 768,
    "images_requested": 1,
    "images_processed": 1,
    "masks_evaluated": 1,
    "point_strategy": "center",
    "num_points": 1,
    "circle_num_points": 5,
    "mask_threshold": 0.0,
    "fp32_selected_miou": 0.5148387096774194,
    "fp32_oracle_miou": 0.8228004956629492,
    "fp32_oracle_gap": 0.3079617859855298,
    "fp32_rank_hit_at_1": 0.0,
    "fp32_selected_median_iou": 0.5148387096774194,
    "fp32_selected_iou_std": 0.0,
    "fp32_oracle_median_iou": 0.8228004956629492,
    "fp32_oracle_iou_std": 0.0,
    "quant_selected_miou": 0.3908496732026144,
    "quant_oracle_miou": 0.6798029556650246,
    "quant_oracle_gap": 0.2889532824624102,
    "quant_rank_hit_at_1": 0.0,
    "quant_selected_median_iou": 0.3908496732026144,
    "quant_selected_iou_std": 0.0,
    "quant_oracle_median_iou": 0.6798029556650246,
    "quant_oracle_iou_std": 0.0,
    "delta_selected_miou": -0.12398903647480503,
    "delta_oracle_miou": -0.14299753999792464,
    "fp32_miou": 0.5148387096774194,
    "quant_miou": 0.3908496732026144,
    "delta_miou": -0.12398903647480503
  },
  "per_image": [
    {
      "image_id": 289343,
      "file_name": "000000289343.jpg",
      "num_masks": 1,
      "fp32_mean_iou": 0.5148387096774194,
      "fp32_oracle_mean_iou": 0.8228004956629492,
      "quant_mean_iou": 0.3908496732026144,
      "quant_oracle_mean_iou": 0.6798029556650246,
      "delta_mean_iou": -0.12398903647480503,
      "delta_oracle_mean_iou": -0.14299753999792464
    }
  ]
}