{
  "summary": {
    "checkpoint": "/home/kitemanul/project/EdgeSAM/weights/edge_sam.pth",
    "ann_file": "/home/kitemanul/dataset/coco2017/annotations/instances_val2017.json",
    "img_dir": "/home/kitemanul/dataset/coco2017/val2017",
    "fp32_encoder_circle": "/home/kitemanul/project/EdgeSAM/weights/one_pipeline/encoder/edge_sam_encoder.opt.circle",
    "fp32_decoder_circle": "/home/kitemanul/project/EdgeSAM/weights/one_pipeline/decoder/edge_sam_decoder.opt.circle",
    "quant_encoder_circle": "/home/kitemanul/project/PTQ4SAM/results/e2e_1024fp32_vs_768i16u8_20260427/encoder_768_int16/edge_sam_encoder.quant.circle",
    "quant_decoder_circle": "/home/kitemanul/project/PTQ4SAM/results/e2e_1024fp32_vs_768i16u8_20260427/decoder_768_uint8/edge_sam_decoder.quant.circle",
    "fp32_size": 1024,
    "quant_size": 768,
    "images_requested": 5,
    "images_processed": 5,
    "masks_evaluated": 5,
    "point_strategy": "center",
    "num_points": 1,
    "circle_num_points": 5,
    "mask_threshold": 0.0,
    "fp32_selected_miou": 0.6887314146126889,
    "fp32_oracle_miou": 0.8204101100435619,
    "fp32_oracle_gap": 0.13167869543087302,
    "fp32_rank_hit_at_1": 0.2,
    "fp32_selected_median_iou": 0.7609681186607447,
    "fp32_selected_iou_std": 0.12848951084524807,
    "fp32_oracle_median_iou": 0.8261285634960953,
    "fp32_oracle_iou_std": 0.026813548184056058,
    "quant_selected_miou": 0.5439634256375874,
    "quant_oracle_miou": 0.7220107009257015,
    "quant_oracle_gap": 0.17804727528811418,
    "quant_rank_hit_at_1": 0.0,
    "quant_selected_median_iou": 0.557289228688823,
    "quant_selected_iou_std": 0.13345168681227462,
    "quant_oracle_median_iou": 0.704667397449951,
    "quant_oracle_iou_std": 0.1313002207635031,
    "delta_selected_miou": -0.14476798897510157,
    "delta_oracle_miou": -0.09839940911786038,
    "fp32_miou": 0.6887314146126889,
    "quant_miou": 0.5439634256375874,
    "delta_miou": -0.14476798897510157
  },
  "per_image": [
    {
      "image_id": 289343,
      "file_name": "000000289343.jpg",
      "num_masks": 1,
      "fp32_mean_iou": 0.5148387096774194,
      "fp32_oracle_mean_iou": 0.8228004956629492,
      "quant_mean_iou": 0.3908496732026144,
      "quant_oracle_mean_iou": 0.6798029556650246,
      "delta_mean_iou": -0.12398903647480503,
      "delta_oracle_mean_iou": -0.14299753999792464
    },
    {
      "image_id": 61471,
      "file_name": "000000061471.jpg",
      "num_masks": 1,
      "fp32_mean_iou": 0.7611701834609663,
      "fp32_oracle_mean_iou": 0.7695781377461834,
      "quant_mean_iou": 0.6505690281832807,
      "quant_oracle_mean_iou": 0.704667397449951,
      "delta_mean_iou": -0.11060115527768566,
      "delta_oracle_mean_iou": -0.06491074029623245
    },
    {
      "image_id": 472375,
      "file_name": "000000472375.jpg",
      "num_masks": 1,
      "fp32_mean_iou": 0.8472440944881889,
      "fp32_oracle_mean_iou": 0.8472440944881889,
      "quant_mean_iou": 0.3969849246231156,
      "quant_oracle_mean_iou": 0.507537688442211,
      "delta_mean_iou": -0.45025916986507336,
      "delta_oracle_mean_iou": -0.3397064060459779
    },
    {
      "image_id": 520301,
      "file_name": "000000520301.jpg",
      "num_masks": 1,
      "fp32_mean_iou": 0.7609681186607447,
      "fp32_oracle_mean_iou": 0.8362992588243927,
      "quant_mean_iou": 0.7241242734901029,
      "quant_oracle_mean_iou": 0.8420936178581965,
      "delta_mean_iou": -0.036843845170641765,
      "delta_oracle_mean_iou": 0.005794359033803764
    },
    {
      "image_id": 579321,
      "file_name": "000000579321.jpg",
      "num_masks": 1,
      "fp32_mean_iou": 0.5594359667761252,
      "fp32_oracle_mean_iou": 0.8261285634960953,
      "quant_mean_iou": 0.557289228688823,
      "quant_oracle_mean_iou": 0.8759518452131243,
      "delta_mean_iou": -0.002146738087302147,
      "delta_oracle_mean_iou": 0.04982328171702899
    }
  ]
}