{
  "checkpoint": "/home/kitemanul/project/EdgeSAM/weights/edge_sam.pth",
  "calibration_list": "/home/kitemanul/project/EdgeSAM/weights/one_pipeline/calib/decoder_datalist_20.txt",
  "eval_list": "/home/kitemanul/project/EdgeSAM/weights/one_pipeline/calib/decoder_test_5.txt",
  "calibration_count": 20,
  "eval_count": 5,
  "bit": 8,
  "scope": "full",
  "big": true,
  "agq": true,
  "mean_metrics": {
    "scores_mae": 0.25719721168279647,
    "scores_mape": 39.63932007551193,
    "scores_mse": 0.0934764564037323,
    "scores_max_abs_diff": 0.4382819473743439,
    "scores_cosine_similarity": 0.9276373744010925,
    "scores_top1_match": 0.2,
    "scores_top5_match": 1.0,
    "masks_mae": 6.335559940338134,
    "masks_mape": 388.65678787231445,
    "masks_mse": 56.1801082611084,
    "masks_max_abs_diff": 20.68457946777344,
    "masks_cosine_similarity": 0.8043524503707886,
    "masks_top1_match": 0.0,
    "masks_top5_match": 0.0,
    "ranking_primary": 6.335559940338134,
    "ranking_secondary": 0.25719721168279647
  },
  "per_sample": [
    {
      "scores_mae": 0.29954174160957336,
      "scores_mape": 35.022807121276855,
      "scores_mse": 0.13610973954200745,
      "scores_max_abs_diff": 0.6622283458709717,
      "scores_cosine_similarity": 0.9121842384338379,
      "scores_top1_match": 0.0,
      "scores_top5_match": 1.0,
      "masks_mae": 8.938175201416016,
      "masks_mape": 293.48464012145996,
      "masks_mse": 97.38981628417969,
      "masks_max_abs_diff": 22.581710815429688,
      "masks_cosine_similarity": 0.5953921675682068,
      "masks_top1_match": 0.0,
      "masks_top5_match": 0.0,
      "ranking_primary": 8.938175201416016,
      "ranking_secondary": 0.29954174160957336,
      "sample": "000020_000000000109.data"
    },
    {
      "scores_mae": 0.08300133794546127,
      "scores_mape": 21.91145271062851,
      "scores_mse": 0.008984431624412537,
      "scores_max_abs_diff": 0.14880427718162537,
      "scores_cosine_similarity": 0.9870131611824036,
      "scores_top1_match": 1.0,
      "scores_top5_match": 1.0,
      "masks_mae": 4.465750217437744,
      "masks_mape": 757.9544067382812,
      "masks_mse": 29.21427345275879,
      "masks_max_abs_diff": 16.107006072998047,
      "masks_cosine_similarity": 0.8865944147109985,
      "masks_top1_match": 0.0,
      "masks_top5_match": 0.0,
      "ranking_primary": 4.465750217437744,
      "ranking_secondary": 0.08300133794546127,
      "sample": "000021_000000000110.data"
    },
    {
      "scores_mae": 0.2894796133041382,
      "scores_mape": 43.158891797065735,
      "scores_mse": 0.11027956753969193,
      "scores_max_abs_diff": 0.5233939290046692,
      "scores_cosine_similarity": 0.9194879531860352,
      "scores_top1_match": 0.0,
      "scores_top5_match": 1.0,
      "masks_mae": 5.042290210723877,
      "masks_mape": 115.78679084777832,
      "masks_mse": 35.5943717956543,
      "masks_max_abs_diff": 19.501985549926758,
      "masks_cosine_similarity": 0.9409348368644714,
      "masks_top1_match": 0.0,
      "masks_top5_match": 0.0,
      "ranking_primary": 5.042290210723877,
      "ranking_secondary": 0.2894796133041382,
      "sample": "000022_000000000113.data"
    },
    {
      "scores_mae": 0.3003314137458801,
      "scores_mape": 58.73684287071228,
      "scores_mse": 0.10080225765705109,
      "scores_max_abs_diff": 0.3997570872306824,
      "scores_cosine_similarity": 0.8401666879653931,
      "scores_top1_match": 0.0,
      "scores_top5_match": 1.0,
      "masks_mae": 6.317967891693115,
      "masks_mape": 539.4540309906006,
      "masks_mse": 53.49925994873047,
      "masks_max_abs_diff": 23.915512084960938,
      "masks_cosine_similarity": 0.7881186008453369,
      "masks_top1_match": 0.0,
      "masks_top5_match": 0.0,
      "ranking_primary": 6.317967891693115,
      "ranking_secondary": 0.3003314137458801,
      "sample": "000023_000000000127.data"
    },
    {
      "scores_mae": 0.31363195180892944,
      "scores_mape": 39.36660587787628,
      "scores_mse": 0.1112062856554985,
      "scores_max_abs_diff": 0.45722609758377075,
      "scores_cosine_similarity": 0.979334831237793,
      "scores_top1_match": 0.0,
      "scores_top5_match": 1.0,
      "masks_mae": 6.913616180419922,
      "masks_mape": 236.60407066345215,
      "masks_mse": 65.20281982421875,
      "masks_max_abs_diff": 21.316682815551758,
      "masks_cosine_similarity": 0.8107222318649292,
      "masks_top1_match": 0.0,
      "masks_top5_match": 0.0,
      "ranking_primary": 6.913616180419922,
      "ranking_secondary": 0.31363195180892944,
      "sample": "000024_000000000133.data"
    }
  ]
}