{
  "summary": {
    "checkpoint": "/home/kitemanul/project/EdgeSAM/weights/edge_sam.pth",
    "ann_file": "/home/kitemanul/dataset/coco2017/annotations/instances_val2017.json",
    "img_dir": "/home/kitemanul/dataset/coco2017/val2017",
    "circle_model": "/home/kitemanul/project/PTQ4SAM/results/edgesam_decoder_ptq4sam_uint8/circle_fake_quant_20260426/decoder_uint8_c20_t5_edge_sam_decoder.quant.fake_quant.circle",
    "quant_circle_model": "/home/kitemanul/project/EdgeSAM/weights/one_pipeline/decoder_uint8_c20_t5/edge_sam_decoder.quant.circle",
    "circle_interpreter_lib": "/home/kitemanul/project/ONE/build/compiler/circle-interpreter/libcircle_interpreter_cffi.so",
    "images_requested": 10,
    "images_processed": 10,
    "masks_evaluated": 10,
    "use_stability_score": true,
    "mask_threshold": null,
    "fp32_mask_threshold": 0.0,
    "circle_mask_threshold": 0.0,
    "point_strategy": "center",
    "num_points": 1,
    "circle_num_points": 5,
    "fp32_selected_miou": 0.5275306760415235,
    "fp32_oracle_miou": 0.6371690258804656,
    "fp32_oracle_gap": 0.10963834983894234,
    "fp32_rank_hit_at_1": 0.1,
    "fp32_selected_median_iou": 0.537143011431161,
    "fp32_selected_iou_std": 0.25339020936924483,
    "fp32_oracle_median_iou": 0.7868836771463157,
    "fp32_oracle_iou_std": 0.23945069276604947,
    "circle_selected_miou": 0.5056791955254307,
    "circle_oracle_miou": 0.6376102498450255,
    "circle_oracle_gap": 0.13193105431959468,
    "circle_rank_hit_at_1": 0.1,
    "circle_selected_median_iou": 0.5378268045677622,
    "circle_selected_iou_std": 0.23147124012561598,
    "circle_oracle_median_iou": 0.7688073382649123,
    "circle_oracle_iou_std": 0.2338076841200243,
    "delta_selected_miou": -0.02185148051609276,
    "delta_oracle_miou": 0.0004412239645598115,
    "fp32_miou": 0.5275306760415235,
    "circle_miou": 0.5056791955254307,
    "delta_miou": -0.02185148051609276,
    "fp32_median_iou": 0.537143011431161,
    "circle_median_iou": 0.5378268045677622,
    "fp32_iou_std": 0.25339020936924483,
    "circle_iou_std": 0.23147124012561598
  },
  "per_image": [
    {
      "image_id": 289343,
      "file_name": "000000289343.jpg",
      "num_masks": 1,
      "fp32_mean_iou": 0.5148387096774194,
      "fp32_oracle_mean_iou": 0.8228004956629492,
      "fp32_oracle_gap": 0.3079617859855298,
      "fp32_rank_hit_at_1": 0.0,
      "circle_mean_iou": 0.4805194805194805,
      "circle_oracle_mean_iou": 0.7894117647058824,
      "circle_oracle_gap": 0.30889228418640186,
      "circle_rank_hit_at_1": 0.0,
      "delta_mean_iou": -0.03431922915793889,
      "delta_oracle_mean_iou": -0.03338873095706685
    },
    {
      "image_id": 61471,
      "file_name": "000000061471.jpg",
      "num_masks": 1,
      "fp32_mean_iou": 0.7612121212121212,
      "fp32_oracle_mean_iou": 0.7697238084139377,
      "fp32_oracle_gap": 0.008511687201816498,
      "fp32_rank_hit_at_1": 0.0,
      "circle_mean_iou": 0.7416329483641041,
      "circle_oracle_mean_iou": 0.766096679659715,
      "circle_oracle_gap": 0.024463731295610858,
      "circle_rank_hit_at_1": 0.0,
      "delta_mean_iou": -0.019579172848017135,
      "delta_oracle_mean_iou": -0.003627128754222775
    },
    {
      "image_id": 472375,
      "file_name": "000000472375.jpg",
      "num_masks": 1,
      "fp32_mean_iou": 0.8472440944881889,
      "fp32_oracle_mean_iou": 0.8472440944881889,
      "fp32_oracle_gap": 0.0,
      "fp32_rank_hit_at_1": 1.0,
      "circle_mean_iou": 0.8308943089430895,
      "circle_oracle_mean_iou": 0.8308943089430895,
      "circle_oracle_gap": 0.0,
      "circle_rank_hit_at_1": 1.0,
      "delta_mean_iou": -0.01634978554509947,
      "delta_oracle_mean_iou": -0.01634978554509947
    },
    {
      "image_id": 520301,
      "file_name": "000000520301.jpg",
      "num_masks": 1,
      "fp32_mean_iou": 0.7609979034097178,
      "fp32_oracle_mean_iou": 0.8362335458423152,
      "fp32_oracle_gap": 0.0752356424325974,
      "fp32_rank_hit_at_1": 0.0,
      "circle_mean_iou": 0.7375591435462194,
      "circle_oracle_mean_iou": 0.8481383999561332,
      "circle_oracle_gap": 0.11057925640991373,
      "circle_rank_hit_at_1": 0.0,
      "delta_mean_iou": -0.023438759863498415,
      "delta_oracle_mean_iou": 0.01190485411381792
    },
    {
      "image_id": 579321,
      "file_name": "000000579321.jpg",
      "num_masks": 1,
      "fp32_mean_iou": 0.5594473131849028,
      "fp32_oracle_mean_iou": 0.8260715467132933,
      "fp32_oracle_gap": 0.2666242335283905,
      "fp32_rank_hit_at_1": 0.0,
      "circle_mean_iou": 0.561130787558761,
      "circle_oracle_mean_iou": 0.8199695523276445,
      "circle_oracle_gap": 0.25883876476888346,
      "circle_rank_hit_at_1": 0.0,
      "delta_mean_iou": 0.0016834743738581848,
      "delta_oracle_mean_iou": -0.006101994385648846
    },
    {
      "image_id": 494869,
      "file_name": "000000494869.jpg",
      "num_masks": 1,
      "fp32_mean_iou": 0.779874213836478,
      "fp32_oracle_mean_iou": 0.8040435458786936,
      "fp32_oracle_gap": 0.024169332042215608,
      "fp32_rank_hit_at_1": 0.0,
      "circle_mean_iou": 0.6184419713831478,
      "circle_oracle_mean_iou": 0.7715179968701096,
      "circle_oracle_gap": 0.15307602548696175,
      "circle_rank_hit_at_1": 0.0,
      "delta_mean_iou": -0.1614322424533302,
      "delta_oracle_mean_iou": -0.032525549008584065
    },
    {
      "image_id": 554002,
      "file_name": "000000554002.jpg",
      "num_masks": 1,
      "fp32_mean_iou": 0.5026296018031555,
      "fp32_oracle_mean_iou": 0.6036644165863067,
      "fp32_oracle_gap": 0.10103481478315113,
      "fp32_rank_hit_at_1": 0.0,
      "circle_mean_iou": 0.5145228215767634,
      "circle_oracle_mean_iou": 0.6802259887005649,
      "circle_oracle_gap": 0.1657031671238015,
      "circle_rank_hit_at_1": 0.0,
      "delta_mean_iou": 0.01189321977360791,
      "delta_oracle_mean_iou": 0.07656157211425829
    },
    {
      "image_id": 78823,
      "file_name": "000000078823.jpg",
      "num_masks": 1,
      "fp32_mean_iou": 0.1315884044082415,
      "fp32_oracle_mean_iou": 0.2503498439157914,
      "fp32_oracle_gap": 0.11876143950754992,
      "fp32_rank_hit_at_1": 0.0,
      "circle_mean_iou": 0.13290608528988979,
      "circle_oracle_mean_iou": 0.22076599394280508,
      "circle_oracle_gap": 0.08785990865291529,
      "circle_rank_hit_at_1": 0.0,
      "delta_mean_iou": 0.0013176808816482977,
      "delta_oracle_mean_iou": -0.029583849972986326
    },
    {
      "image_id": 419974,
      "file_name": "000000419974.jpg",
      "num_masks": 1,
      "fp32_mean_iou": 0.2598714416896235,
      "fp32_oracle_mean_iou": 0.3485424588086185,
      "fp32_oracle_gap": 0.088671017118995,
      "fp32_rank_hit_at_1": 0.0,
      "circle_mean_iou": 0.24632352941176472,
      "circle_oracle_mean_iou": 0.28820375335120646,
      "circle_oracle_gap": 0.04188022393944174,
      "circle_rank_hit_at_1": 0.0,
      "delta_mean_iou": -0.013547912277858787,
      "delta_oracle_mean_iou": -0.060338705457412045
    },
    {
      "image_id": 404484,
      "file_name": "000000404484.jpg",
      "num_masks": 1,
      "fp32_mean_iou": 0.15760295670538543,
      "fp32_oracle_mean_iou": 0.26301650249456315,
      "fp32_oracle_gap": 0.10541354578917772,
      "fp32_rank_hit_at_1": 0.0,
      "circle_mean_iou": 0.19286087866108786,
      "circle_oracle_mean_iou": 0.36087805999310424,
      "circle_oracle_gap": 0.16801718133201637,
      "circle_rank_hit_at_1": 0.0,
      "delta_mean_iou": 0.03525792195570243,
      "delta_oracle_mean_iou": 0.09786155749854109
    }
  ]
}