{
  "checkpoint": "/home/kitemanul/project/EdgeSAM/weights/edge_sam.pth",
  "calibration_list": "/home/kitemanul/project/EdgeSAM/weights/one_pipeline/calib/decoder_datalist_20.txt",
  "eval_list": "/home/kitemanul/project/EdgeSAM/weights/one_pipeline/calib/decoder_test_5.txt",
  "calibration_count": 20,
  "eval_count": 5,
  "bit": 8,
  "big": true,
  "agq": true,
  "mean_metrics": {
    "scores_mae": 0.01387518048286438,
    "scores_mape": 3.0476254783570766,
    "scores_mse": 0.00039359440706903114,
    "scores_max_abs_diff": 0.030431491136550904,
    "scores_cosine_similarity": 0.9995220899581909,
    "scores_top1_match": 0.8,
    "scores_top5_match": 1.0,
    "masks_mae": 0.20800556540489196,
    "masks_mape": 14.974801614880562,
    "masks_mse": 0.07705366462469102,
    "masks_max_abs_diff": 1.5131540536880492,
    "masks_cosine_similarity": 0.9997388839721679,
    "masks_top1_match": 1.0,
    "masks_top5_match": 0.8400000000000001,
    "ranking_primary": 0.20800556540489196,
    "ranking_secondary": 0.01387518048286438
  },
  "per_sample": [
    {
      "scores_mae": 0.011909425258636475,
      "scores_mape": 1.4758356846868992,
      "scores_mse": 0.0003239303478039801,
      "scores_max_abs_diff": 0.03488147258758545,
      "scores_cosine_similarity": 0.9998595118522644,
      "scores_top1_match": 1.0,
      "scores_top5_match": 1.0,
      "masks_mae": 0.17790104448795319,
      "masks_mape": 6.025246903300285,
      "masks_mse": 0.04959511756896973,
      "masks_max_abs_diff": 1.2386512756347656,
      "masks_cosine_similarity": 0.9998725056648254,
      "masks_top1_match": 1.0,
      "masks_top5_match": 0.6,
      "ranking_primary": 0.17790104448795319,
      "ranking_secondary": 0.011909425258636475,
      "sample": "000020_000000000109.data"
    },
    {
      "scores_mae": 0.027295656502246857,
      "scores_mape": 9.223289787769318,
      "scores_mse": 0.0011760678607970476,
      "scores_max_abs_diff": 0.06268706917762756,
      "scores_cosine_similarity": 0.9981643557548523,
      "scores_top1_match": 1.0,
      "scores_top5_match": 1.0,
      "masks_mae": 0.34068167209625244,
      "masks_mape": 36.711665987968445,
      "masks_mse": 0.17553597688674927,
      "masks_max_abs_diff": 1.9584709405899048,
      "masks_cosine_similarity": 0.9992521405220032,
      "masks_top1_match": 1.0,
      "masks_top5_match": 1.0,
      "ranking_primary": 0.34068167209625244,
      "ranking_secondary": 0.027295656502246857,
      "sample": "000021_000000000110.data"
    },
    {
      "scores_mae": 0.012362658977508545,
      "scores_mape": 1.8072167411446571,
      "scores_mse": 0.00021514440595638007,
      "scores_max_abs_diff": 0.02332240343093872,
      "scores_cosine_similarity": 0.9997684955596924,
      "scores_top1_match": 1.0,
      "scores_top5_match": 1.0,
      "masks_mae": 0.1343323141336441,
      "masks_mape": 9.279800206422806,
      "masks_mse": 0.03452051058411598,
      "masks_max_abs_diff": 1.442918300628662,
      "masks_cosine_similarity": 0.9999078512191772,
      "masks_top1_match": 1.0,
      "masks_top5_match": 1.0,
      "ranking_primary": 0.1343323141336441,
      "ranking_secondary": 0.012362658977508545,
      "sample": "000022_000000000113.data"
    },
    {
      "scores_mae": 0.011863194406032562,
      "scores_mape": 1.9438594579696655,
      "scores_mse": 0.00019768037600442767,
      "scores_max_abs_diff": 0.019496262073516846,
      "scores_cosine_similarity": 0.9998359680175781,
      "scores_top1_match": 0.0,
      "scores_top5_match": 1.0,
      "masks_mae": 0.1651923805475235,
      "masks_mape": 12.14604601264,
      "masks_mse": 0.04609188809990883,
      "masks_max_abs_diff": 1.410879135131836,
      "masks_cosine_similarity": 0.9998641014099121,
      "masks_top1_match": 1.0,
      "masks_top5_match": 0.8,
      "ranking_primary": 0.1651923805475235,
      "ranking_secondary": 0.011863194406032562,
      "sample": "000023_000000000127.data"
    },
    {
      "scores_mae": 0.005944967269897461,
      "scores_mape": 0.7879257202148438,
      "scores_mse": 5.514904478332028e-05,
      "scores_max_abs_diff": 0.011770248413085938,
      "scores_cosine_similarity": 0.9999821186065674,
      "scores_top1_match": 1.0,
      "scores_top5_match": 1.0,
      "masks_mae": 0.2219204157590866,
      "masks_mape": 10.711248964071274,
      "masks_mse": 0.07952482998371124,
      "masks_max_abs_diff": 1.5148506164550781,
      "masks_cosine_similarity": 0.9997978210449219,
      "masks_top1_match": 1.0,
      "masks_top5_match": 0.8,
      "ranking_primary": 0.2219204157590866,
      "ranking_secondary": 0.005944967269897461,
      "sample": "000024_000000000133.data"
    }
  ]
}