{
  "summary": {
    "checkpoint": "/home/kitemanul/project/EdgeSAM/weights/edge_sam.pth",
    "ann_file": "/home/kitemanul/dataset/coco2017/annotations/instances_val2017.json",
    "img_dir": "/home/kitemanul/dataset/coco2017/val2017",
    "circle_model": "/home/kitemanul/project/PTQ4SAM/results/edgesam_decoder_ptq4sam_uint8/circle_fake_quant_20260426/decoder_transformer_int16_c20_t5_edge_sam_decoder.quant.fake_quant.circle",
    "quant_circle_model": "/home/kitemanul/project/EdgeSAM/weights/one_pipeline/decoder_transformer_int16_c20_t5/edge_sam_decoder.quant.circle",
    "circle_interpreter_lib": "/home/kitemanul/project/ONE/build/compiler/circle-interpreter/libcircle_interpreter_cffi.so",
    "images_requested": 10,
    "images_processed": 10,
    "masks_evaluated": 10,
    "use_stability_score": true,
    "mask_threshold": null,
    "fp32_mask_threshold": 0.0,
    "circle_mask_threshold": 0.0,
    "point_strategy": "center",
    "num_points": 1,
    "circle_num_points": 5,
    "fp32_selected_miou": 0.5275306760415235,
    "fp32_oracle_miou": 0.6371690258804656,
    "fp32_oracle_gap": 0.10963834983894234,
    "fp32_rank_hit_at_1": 0.1,
    "fp32_selected_median_iou": 0.537143011431161,
    "fp32_selected_iou_std": 0.25339020936924483,
    "fp32_oracle_median_iou": 0.7868836771463157,
    "fp32_oracle_iou_std": 0.23945069276604947,
    "circle_selected_miou": 0.5196514593472941,
    "circle_oracle_miou": 0.6415686816567665,
    "circle_oracle_gap": 0.12191722230947255,
    "circle_rank_hit_at_1": 0.2,
    "circle_selected_median_iou": 0.551198557935503,
    "circle_selected_iou_std": 0.24869557342181028,
    "circle_oracle_median_iou": 0.7897914644795376,
    "circle_oracle_iou_std": 0.23802806006907096,
    "delta_selected_miou": -0.007879216694229418,
    "delta_oracle_miou": 0.004399655776300859,
    "fp32_miou": 0.5275306760415235,
    "circle_miou": 0.5196514593472941,
    "delta_miou": -0.007879216694229418,
    "fp32_median_iou": 0.537143011431161,
    "circle_median_iou": 0.551198557935503,
    "fp32_iou_std": 0.25339020936924483,
    "circle_iou_std": 0.24869557342181028
  },
  "per_image": [
    {
      "image_id": 289343,
      "file_name": "000000289343.jpg",
      "num_masks": 1,
      "fp32_mean_iou": 0.5148387096774194,
      "fp32_oracle_mean_iou": 0.8228004956629492,
      "fp32_oracle_gap": 0.3079617859855298,
      "fp32_rank_hit_at_1": 0.0,
      "circle_mean_iou": 0.48774193548387096,
      "circle_oracle_mean_iou": 0.8078335373317014,
      "circle_oracle_gap": 0.3200916018478304,
      "circle_rank_hit_at_1": 0.0,
      "delta_mean_iou": -0.027096774193548445,
      "delta_oracle_mean_iou": -0.014966958331247837
    },
    {
      "image_id": 61471,
      "file_name": "000000061471.jpg",
      "num_masks": 1,
      "fp32_mean_iou": 0.7612121212121212,
      "fp32_oracle_mean_iou": 0.7697238084139377,
      "fp32_oracle_gap": 0.008511687201816498,
      "fp32_rank_hit_at_1": 0.0,
      "circle_mean_iou": 0.7789646909374368,
      "circle_oracle_mean_iou": 0.7789646909374368,
      "circle_oracle_gap": 0.0,
      "circle_rank_hit_at_1": 1.0,
      "delta_mean_iou": 0.01775256972531558,
      "delta_oracle_mean_iou": 0.009240882523499083
    },
    {
      "image_id": 472375,
      "file_name": "000000472375.jpg",
      "num_masks": 1,
      "fp32_mean_iou": 0.8472440944881889,
      "fp32_oracle_mean_iou": 0.8472440944881889,
      "fp32_oracle_gap": 0.0,
      "fp32_rank_hit_at_1": 1.0,
      "circle_mean_iou": 0.8454106280193237,
      "circle_oracle_mean_iou": 0.8454106280193237,
      "circle_oracle_gap": 0.0,
      "circle_rank_hit_at_1": 1.0,
      "delta_mean_iou": -0.0018334664688652857,
      "delta_oracle_mean_iou": -0.0018334664688652857
    },
    {
      "image_id": 520301,
      "file_name": "000000520301.jpg",
      "num_masks": 1,
      "fp32_mean_iou": 0.7609979034097178,
      "fp32_oracle_mean_iou": 0.8362335458423152,
      "fp32_oracle_gap": 0.0752356424325974,
      "fp32_rank_hit_at_1": 0.0,
      "circle_mean_iou": 0.7623666789260758,
      "circle_oracle_mean_iou": 0.839479233519758,
      "circle_oracle_gap": 0.07711255459368216,
      "circle_rank_hit_at_1": 0.0,
      "delta_mean_iou": 0.0013687755163579451,
      "delta_oracle_mean_iou": 0.00324568767744271
    },
    {
      "image_id": 579321,
      "file_name": "000000579321.jpg",
      "num_masks": 1,
      "fp32_mean_iou": 0.5594473131849028,
      "fp32_oracle_mean_iou": 0.8260715467132933,
      "fp32_oracle_gap": 0.2666242335283905,
      "fp32_rank_hit_at_1": 0.0,
      "circle_mean_iou": 0.5606608888259308,
      "circle_oracle_mean_iou": 0.8187317528903422,
      "circle_oracle_gap": 0.2580708640644114,
      "circle_rank_hit_at_1": 0.0,
      "delta_mean_iou": 0.0012135756410279752,
      "delta_oracle_mean_iou": -0.007339793822951135
    },
    {
      "image_id": 494869,
      "file_name": "000000494869.jpg",
      "num_masks": 1,
      "fp32_mean_iou": 0.779874213836478,
      "fp32_oracle_mean_iou": 0.8040435458786936,
      "fp32_oracle_gap": 0.024169332042215608,
      "fp32_rank_hit_at_1": 0.0,
      "circle_mean_iou": 0.6829652996845426,
      "circle_oracle_mean_iou": 0.8006182380216383,
      "circle_oracle_gap": 0.11765293833709578,
      "circle_rank_hit_at_1": 0.0,
      "delta_mean_iou": -0.09690891415193548,
      "delta_oracle_mean_iou": -0.003425307857055304
    },
    {
      "image_id": 554002,
      "file_name": "000000554002.jpg",
      "num_masks": 1,
      "fp32_mean_iou": 0.5026296018031555,
      "fp32_oracle_mean_iou": 0.6036644165863067,
      "fp32_oracle_gap": 0.10103481478315113,
      "fp32_rank_hit_at_1": 0.0,
      "circle_mean_iou": 0.5417362270450752,
      "circle_oracle_mean_iou": 0.6654275092936803,
      "circle_oracle_gap": 0.12369128224860515,
      "circle_rank_hit_at_1": 0.0,
      "delta_mean_iou": 0.03910662524191966,
      "delta_oracle_mean_iou": 0.06176309270737368
    },
    {
      "image_id": 78823,
      "file_name": "000000078823.jpg",
      "num_masks": 1,
      "fp32_mean_iou": 0.1315884044082415,
      "fp32_oracle_mean_iou": 0.2503498439157914,
      "fp32_oracle_gap": 0.11876143950754992,
      "fp32_rank_hit_at_1": 0.0,
      "circle_mean_iou": 0.12026832774317202,
      "circle_oracle_mean_iou": 0.237029501525941,
      "circle_oracle_gap": 0.11676117378276897,
      "circle_rank_hit_at_1": 0.0,
      "delta_mean_iou": -0.01132007666506947,
      "delta_oracle_mean_iou": -0.013320342389850415
    },
    {
      "image_id": 419974,
      "file_name": "000000419974.jpg",
      "num_masks": 1,
      "fp32_mean_iou": 0.2598714416896235,
      "fp32_oracle_mean_iou": 0.3485424588086185,
      "fp32_oracle_gap": 0.088671017118995,
      "fp32_rank_hit_at_1": 0.0,
      "circle_mean_iou": 0.2459605026929982,
      "circle_oracle_mean_iou": 0.30997624703087884,
      "circle_oracle_gap": 0.06401574433788063,
      "circle_rank_hit_at_1": 0.0,
      "delta_mean_iou": -0.013910938996625294,
      "delta_oracle_mean_iou": -0.03856621177773967
    },
    {
      "image_id": 404484,
      "file_name": "000000404484.jpg",
      "num_masks": 1,
      "fp32_mean_iou": 0.15760295670538543,
      "fp32_oracle_mean_iou": 0.26301650249456315,
      "fp32_oracle_gap": 0.10541354578917772,
      "fp32_rank_hit_at_1": 0.0,
      "circle_mean_iou": 0.170439414114514,
      "circle_oracle_mean_iou": 0.3122154779969651,
      "circle_oracle_gap": 0.1417760638824511,
      "circle_rank_hit_at_1": 0.0,
      "delta_mean_iou": 0.01283645740912856,
      "delta_oracle_mean_iou": 0.04919897550240193
    }
  ]
}