{
  "summary": {
    "checkpoint": "/home/kitemanul/project/EdgeSAM/weights/edge_sam.pth",
    "ann_file": "/home/kitemanul/dataset/coco2017/annotations/instances_val2017.json",
    "img_dir": "/home/kitemanul/dataset/coco2017/val2017",
    "circle_model": "/home/kitemanul/project/PTQ4SAM/results/edgesam_decoder_ptq4sam_uint8/circle_fake_quant_20260426/decoder_int16_c20_t5_edge_sam_decoder.quant.fake_quant.circle",
    "quant_circle_model": "/home/kitemanul/project/EdgeSAM/weights/one_pipeline/decoder_int16_c20_t5/edge_sam_decoder.quant.circle",
    "circle_interpreter_lib": "/home/kitemanul/project/ONE/build/compiler/circle-interpreter/libcircle_interpreter_cffi.so",
    "images_requested": 10,
    "images_processed": 10,
    "masks_evaluated": 10,
    "use_stability_score": true,
    "mask_threshold": null,
    "fp32_mask_threshold": 0.0,
    "circle_mask_threshold": 0.0,
    "point_strategy": "center",
    "num_points": 1,
    "circle_num_points": 5,
    "fp32_selected_miou": 0.5275306760415235,
    "fp32_oracle_miou": 0.6371690258804656,
    "fp32_oracle_gap": 0.10963834983894234,
    "fp32_rank_hit_at_1": 0.1,
    "fp32_selected_median_iou": 0.537143011431161,
    "fp32_selected_iou_std": 0.25339020936924483,
    "fp32_oracle_median_iou": 0.7868836771463157,
    "fp32_oracle_iou_std": 0.23945069276604947,
    "circle_selected_miou": 0.5204244048154589,
    "circle_oracle_miou": 0.6397816773367405,
    "circle_oracle_gap": 0.11935727252128148,
    "circle_rank_hit_at_1": 0.2,
    "circle_selected_median_iou": 0.5322958013934695,
    "circle_selected_iou_std": 0.2627045060301892,
    "circle_oracle_median_iou": 0.7898412583624441,
    "circle_oracle_iou_std": 0.2399076753889455,
    "delta_selected_miou": -0.007106271226064553,
    "delta_oracle_miou": 0.0026126514562748726,
    "fp32_miou": 0.5275306760415235,
    "circle_miou": 0.5204244048154589,
    "delta_miou": -0.007106271226064553,
    "fp32_median_iou": 0.537143011431161,
    "circle_median_iou": 0.5322958013934695,
    "fp32_iou_std": 0.25339020936924483,
    "circle_iou_std": 0.2627045060301892
  },
  "per_image": [
    {
      "image_id": 289343,
      "file_name": "000000289343.jpg",
      "num_masks": 1,
      "fp32_mean_iou": 0.5148387096774194,
      "fp32_oracle_mean_iou": 0.8228004956629492,
      "fp32_oracle_gap": 0.3079617859855298,
      "fp32_rank_hit_at_1": 0.0,
      "circle_mean_iou": 0.5044814340588989,
      "circle_oracle_mean_iou": 0.8085889570552147,
      "circle_oracle_gap": 0.3041075229963158,
      "circle_rank_hit_at_1": 0.0,
      "delta_mean_iou": -0.010357275618520512,
      "delta_oracle_mean_iou": -0.014211538607734497
    },
    {
      "image_id": 61471,
      "file_name": "000000061471.jpg",
      "num_masks": 1,
      "fp32_mean_iou": 0.7612121212121212,
      "fp32_oracle_mean_iou": 0.7697238084139377,
      "fp32_oracle_gap": 0.008511687201816498,
      "fp32_rank_hit_at_1": 0.0,
      "circle_mean_iou": 0.7569362818795615,
      "circle_oracle_mean_iou": 0.7812329043217875,
      "circle_oracle_gap": 0.024296622442225968,
      "circle_rank_hit_at_1": 0.0,
      "delta_mean_iou": -0.0042758393325597055,
      "delta_oracle_mean_iou": 0.011509095907849765
    },
    {
      "image_id": 472375,
      "file_name": "000000472375.jpg",
      "num_masks": 1,
      "fp32_mean_iou": 0.8472440944881889,
      "fp32_oracle_mean_iou": 0.8472440944881889,
      "fp32_oracle_gap": 0.0,
      "fp32_rank_hit_at_1": 1.0,
      "circle_mean_iou": 0.8432,
      "circle_oracle_mean_iou": 0.8432,
      "circle_oracle_gap": 0.0,
      "circle_rank_hit_at_1": 1.0,
      "delta_mean_iou": -0.004044094488188987,
      "delta_oracle_mean_iou": -0.004044094488188987
    },
    {
      "image_id": 520301,
      "file_name": "000000520301.jpg",
      "num_masks": 1,
      "fp32_mean_iou": 0.7609979034097178,
      "fp32_oracle_mean_iou": 0.8362335458423152,
      "fp32_oracle_gap": 0.0752356424325974,
      "fp32_rank_hit_at_1": 0.0,
      "circle_mean_iou": 0.7634462975562216,
      "circle_oracle_mean_iou": 0.8383600333788778,
      "circle_oracle_gap": 0.07491373582265615,
      "circle_rank_hit_at_1": 0.0,
      "delta_mean_iou": 0.002448394146503774,
      "delta_oracle_mean_iou": 0.002126487536562527
    },
    {
      "image_id": 579321,
      "file_name": "000000579321.jpg",
      "num_masks": 1,
      "fp32_mean_iou": 0.5594473131849028,
      "fp32_oracle_mean_iou": 0.8260715467132933,
      "fp32_oracle_gap": 0.2666242335283905,
      "fp32_rank_hit_at_1": 0.0,
      "circle_mean_iou": 0.5601101687280402,
      "circle_oracle_mean_iou": 0.8228644393421114,
      "circle_oracle_gap": 0.2627542706140712,
      "circle_rank_hit_at_1": 0.0,
      "delta_mean_iou": 0.0006628555431373861,
      "delta_oracle_mean_iou": -0.0032071073711819054
    },
    {
      "image_id": 494869,
      "file_name": "000000494869.jpg",
      "num_masks": 1,
      "fp32_mean_iou": 0.779874213836478,
      "fp32_oracle_mean_iou": 0.8040435458786936,
      "fp32_oracle_gap": 0.024169332042215608,
      "fp32_rank_hit_at_1": 0.0,
      "circle_mean_iou": 0.7984496124031008,
      "circle_oracle_mean_iou": 0.7984496124031008,
      "circle_oracle_gap": 0.0,
      "circle_rank_hit_at_1": 1.0,
      "delta_mean_iou": 0.018575398566622714,
      "delta_oracle_mean_iou": -0.005593933475592894
    },
    {
      "image_id": 554002,
      "file_name": "000000554002.jpg",
      "num_masks": 1,
      "fp32_mean_iou": 0.5026296018031555,
      "fp32_oracle_mean_iou": 0.6036644165863067,
      "fp32_oracle_gap": 0.10103481478315113,
      "fp32_rank_hit_at_1": 0.0,
      "circle_mean_iou": 0.49693251533742333,
      "circle_oracle_mean_iou": 0.6612702366127023,
      "circle_oracle_gap": 0.16433772127527901,
      "circle_rank_hit_at_1": 0.0,
      "delta_mean_iou": -0.005697086465732193,
      "delta_oracle_mean_iou": 0.05760582002639569
    },
    {
      "image_id": 78823,
      "file_name": "000000078823.jpg",
      "num_masks": 1,
      "fp32_mean_iou": 0.1315884044082415,
      "fp32_oracle_mean_iou": 0.2503498439157914,
      "fp32_oracle_gap": 0.11876143950754992,
      "fp32_rank_hit_at_1": 0.0,
      "circle_mean_iou": 0.13632007666506948,
      "circle_oracle_mean_iou": 0.2502243762340693,
      "circle_oracle_gap": 0.1139042995689998,
      "circle_rank_hit_at_1": 0.0,
      "delta_mean_iou": 0.004731672256827996,
      "delta_oracle_mean_iou": -0.00012546768172211342
    },
    {
      "image_id": 419974,
      "file_name": "000000419974.jpg",
      "num_masks": 1,
      "fp32_mean_iou": 0.2598714416896235,
      "fp32_oracle_mean_iou": 0.3485424588086185,
      "fp32_oracle_gap": 0.088671017118995,
      "fp32_rank_hit_at_1": 0.0,
      "circle_mean_iou": 0.14772132006286012,
      "circle_oracle_mean_iou": 0.30289017341040464,
      "circle_oracle_gap": 0.15516885334754452,
      "circle_rank_hit_at_1": 0.0,
      "delta_mean_iou": -0.11215012162676338,
      "delta_oracle_mean_iou": -0.045652285398213865
    },
    {
      "image_id": 404484,
      "file_name": "000000404484.jpg",
      "num_masks": 1,
      "fp32_mean_iou": 0.15760295670538543,
      "fp32_oracle_mean_iou": 0.26301650249456315,
      "fp32_oracle_gap": 0.10541354578917772,
      "fp32_rank_hit_at_1": 0.0,
      "circle_mean_iou": 0.19664634146341464,
      "circle_oracle_mean_iou": 0.29073604060913705,
      "circle_oracle_gap": 0.0940896991457224,
      "circle_rank_hit_at_1": 0.0,
      "delta_mean_iou": 0.03904338475802921,
      "delta_oracle_mean_iou": 0.027719538114573894
    }
  ]
}